Type,Name,Chromosome,Start,End
REGION,,chr5,112173244,112179827
GENE_CDS,JAK3,,,
REGION,,chr22,24135740,24135879
REGION,,chr13,49054128,49054211
REGION,,chr22,30069252,30069479
REGION,,chr8,90949248,90949307
REGION,,chr3,69986967,69987204
REGION,,chr14,95577648,95577797
REGION,,chr13,32905050,32905171
REGION,,chr11,108178618,108178715
GENE_CDS,TP53,,,
GENE_CDS,PTEN,,,
GENE_CDS,PIK3CA,,,
GENE_CDS,NRAS,,,
GENE_CDS,NOTCH1,,,
GENE_CDS,KRAS,,,
GENE_CDS,KIT,,,
GENE_CDS,JAK2,,,
GENE_CDS,SMARCA4,,,
GENE_CDS,SMAD4,,,
GENE_CDS,SETD2,,,
GENE_CDS,RNF213,,,
GENE_CDS,RB1,,,
GENE_CDS,PDGFRA,,,
GENE_CDS,PBRM1,,,
GENE_CDS,NF1,,,
GENE_CDS,MSH6,,,
GENE_CDS,MSH2,,,
GENE_CDS,MLL3,,,
GENE_CDS,MLH1,,,
GENE_CDS,MEN1,,,
GENE_CDS,HRAS,,,
GENE_CDS,HNF1A,,,
GENE_CDS,GNAS,,,
GENE_CDS,FOXL2,,,
GENE_CDS,FBXW7,,,
GENE_CDS,FAM123B,,,
GENE_CDS,EP300,,,
GENE_CDS,ESRRB,,,
GENE_CDS,CTNNB1,,,
GENE_CDS,ATRX,,,
GENE_CDS,ATM,,,
GENE_CDS,ASXL1,,,
GENE_CDS,ARID1A,,,
GENE_CDS,BRAF,,,
GENE_CDS,AKAP9,,,
REGION,,chrX,153622080,153622100
REGION,,chrX,153622020,153622030
REGION,,chrX,153622000,153622010
REGION,,chrX,153621080,153621100
REGION,,chrX,153621060,153621070
REGION,,chrX,153621040,153621050
REGION,,chrX,153621020,153621030
REGION,,chrX,153621000,153621010
REGION,,chrX,153620080,153620100
REGION,,chrX,153620060,153620070
REGION,,chrX,153620040,153620050
REGION,,chrX,153620020,153620030
REGION,,chrX,153620000,153620010
REGION,,chrX,153612080,153612100
REGION,,chrX,153612060,153612070
REGION,,chrX,153612040,153612050
REGION,,chrX,153612020,153612030
REGION,,chrX,153612000,153612010
REGION,,chrX,153611080,153611100
REGION,,chrX,153611060,153611070
REGION,,chrX,153611040,153611050
REGION,,chrX,153611020,153611030
REGION,,chrX,153611000,153611010
REGION,,chrX,153610080,153610100
REGION,,chrX,153610060,153610070
REGION,,chrX,153610040,153610050
REGION,,chrX,153610020,153610030
REGION,,chrX,153610000,153610010
REGION,,chrX,153609241,153609883
REGION,,chrX,153609112,153609162
REGION,,chrX,153608593,153608727
REGION,,chrX,153608301,153608379
REGION,,chrX,153608049,153608154
REGION,,chrX,153622060,153622070
REGION,,chrX,153622040,153622050
REGION,,chrX,153607596,153607926
REGION,,chr5,112157587,112157692
REGION,,chr5,112162799,112162948
REGION,,chr5,112163620,112163707
REGION,,chr5,112164547,112164673
REGION,,chr5,112170642,112170866
REGION,,chr2,29416084,29416792
REGION,,chr2,29419630,29419730
REGION,,chr2,29420402,29420546
REGION,,chr2,30142853,30143529
REGION,,chr2,29430031,29430142
REGION,,chr2,29432646,29432748
REGION,,chr2,29436844,29436951
REGION,,chr2,29443566,29443705
REGION,,chr2,29445204,29445278
REGION,,chr2,29445377,29445477
REGION,,chr2,29446202,29446398
REGION,,chr2,29448321,29448435
REGION,,chr2,29449782,29449944
REGION,,chr2,29450434,29450542
REGION,,chr2,29451744,29451936
REGION,,chr2,29455164,29455318
REGION,,chr2,29456425,29456566
REGION,,chr2,29462540,29462700
REGION,,chr2,29473965,29474137
REGION,,chr2,29497959,29498097
REGION,,chr2,29498262,29498366
REGION,,chr2,29519748,29519927
REGION,,chr2,29541164,29541274
REGION,,chr2,29543611,29543752
REGION,,chr2,29551210,29551351
REGION,,chr2,29606592,29606729
REGION,,chr2,29754775,29754986
REGION,,chr2,29917710,29917884
REGION,,chr2,29940438,29940567
GENE_CDS,MYL9,,,
GENE_CDS,MYL4,,,
GENE_CDS,MYL2,,,
GENE_CDS,MYH7,,,
GENE_CDS,MYH6,,,
GENE_CDS,MYH11,,,
GENE_CDS,MYF5,,,
GENE_CDS,MYD88,,,
GENE_CDS,MYCN,,,
GENE_CDS,MYCBP,,,
GENE_CDS,MYC,,,
GENE_CDS,MYBL2,,,
GENE_CDS,MYBL1,,,
GENE_CDS,MYB,,,
GENE_CDS,MXD4,,,
GENE_CDS,MXD3,,,
GENE_CDS,MX2,,,
GENE_CDS,MX1,,,
GENE_CDS,MVP,,,
GENE_CDS,MUTYH,,,
GENE_CDS,MUC1,,,
GENE_CDS,MTNR1B,,,
GENE_CDS,MTHFR,,,
GENE_CDS,MTF1,,,
GENE_CDS,MTBP,,,
GENE_CDS,MTA1,,,
GENE_CDS,MT3,,,
GENE_CDS,MT2A,,,
GENE_CDS,MT1X,,,
GENE_CDS,MT1H,,,
GENE_CDS,MT1G,,,
GENE_CDS,MT1E,,,
GENE_CDS,MT1A,,,
GENE_CDS,MSX2,,,
GENE_CDS,MSX1,,,
GENE_CDS,MSR1,,,
GENE_CDS,MSH4,,,
GENE_CDS,MSH3,,,
GENE_CDS,MRPL15,,,
GENE_CDS,MRF-1,,,
GENE_CDS,MRE11A,,,
GENE_CDS,MPST,,,
GENE_CDS,MPG,,,
GENE_CDS,MOS,,,
GENE_CDS,MORF4L1,,,
GENE_CDS,MOCS3,,,
REGION,first,chr22,20100000,20100100
REGION,AMPL250000177,chr17,47295205,47295295
REGION,AMPL250002143,chr17,47299899,47299983
REGION,AMPL250000101,chr17,47297196,47297317
REGION,AMPL250000353,chr17,47299515,47299589
REGION,AMPL250000932,chr17,47293976,47294101
REGION,AMPL250000949,chr17,47288047,47288171
REGION,AMPL250000683,chr17,47288128,47288207
REGION,AMPL250000085,chr17,47297529,47297633
REGION,AMPL250002492,chr17,47295086,47295210
REGION,AMPL250000810,chr17,47293891,47293988
REGION,AMPL250000318,chr17,47296878,47297007
REGION,AMPL250000863,chr17,47299983,47300110
REGION,AMPL250000001,chr17,47297619,47297689
REGION,AMPL250003287,chr17,47299439,47299531
GENE_CDS,MNT,,,
GENE_CDS,SRC,,,
GENE_CDS,MPL,,,
GENE_CDS,NPM1,,,
GENE_CDS,FGFR3,,,
GENE_CDS,SMARCB1,,,
GENE_CDS,STK11,,,
GENE_CDS,ERBB2,,,
GENE_CDS,PTPN11,,,
GENE_CDS,RET,,,
GENE_CDS,FGFR2,,,
GENE_CDS,ABL1,,,
GENE_CDS,FGFR1,,,
GENE_CDS,SMO,,,
GENE_CDS,CSF1R,,,
GENE_CDS,VHL,,,
GENE_CDS,ALK,,,
GENE_CDS,ERBB4,,,
GENE_CDS,IDH1,,,
GENE_CDS,PPARG,,,
GENE_CDS,LMNA,,,
GENE_CDS,INSR,,,
GENE_CDS,FOXP3,,,
GENE_CDS,SLC19A2,,,
GENE_CDS,WFS1,,,
GENE_CDS,GLIS3,,,
GENE_CDS,PTF1A,,,
GENE_CDS,EIF2AK3,,,
GENE_CDS,ABCC8,,,
GENE_CDS,KCNJ11,,,
GENE_CDS,INS,,,
GENE_CDS,CEL,,,
GENE_CDS,NEUROD1,,,
GENE_CDS,PDX1,,,
GENE_CDS,HNF1B,,,
GENE_CDS,HNF4A,,,
GENE_CDS,POT1,,,
GENE_CDS,IDH2,,,
GENE_CDS,BRCA2,,,
GENE_CDS,BRCA1,,,
GENE_CDS,MAP2K1,,,
GENE_CDS,XRCC2,,,
GENE_CDS,RRM1,,,
GENE_CDS,ERCC1,,,
GENE_CDS,TLR4,,,
GENE_CDS,PARP1,,,
GENE_CDS,UGT1A1,,,
GENE_CDS,CYP2D6,,,
GENE_CDS,JAK1,,,
GENE_CDS,IRF4,,,
GENE_CDS,IKZF1,,,
GENE_CDS,IKBKB,,,
GENE_CDS,IGF2R,,,
GENE_CDS,FANCD2,,,
GENE_CDS,EZH2,,,
GENE_CDS,ETS1,,,
GENE_CDS,ERCC2,,,
GENE_CDS,FLT1,,,
GENE_CDS,FGFR4,,,
GENE_CDS,NOTCH2,,,
GENE_CDS,ACVR2A,,,
GENE_CDS,AKT3,,,
GENE_CDS,AKT2,,,
GENE_CDS,BIRC3,,,
GENE_CDS,BAI3,,,
GENE_CDS,AURKB,,,
GENE_CDS,AURKA,,,
GENE_CDS,TNFAIP3,,,
GENE_CDS,TET2,,,
GENE_CDS,RUNX1,,,
REGION,,chr17,7572921,7573012
REGION,,chr17,7573921,7574037
REGION,,chr17,7576531,7576588
REGION,,chr17,7576619,7576661
REGION,,chr17,7576847,7576930
REGION,,chr17,7577013,7577159
REGION,,chr17,7577493,7577612
REGION,,chr17,7578171,7578293
REGION,,chr17,7578365,7578558
REGION,,chr17,7579306,7579594
REGION,,chr17,7579694,7579725
REGION,,chr17,7579833,7579916
REGION,,chr10,104263904,104264095
REGION,,chr10,104268920,104269064
REGION,,chr10,104309721,104309867
REGION,,chr10,104352333,104352485
REGION,,chr10,104353387,104353482
REGION,,chr10,104353744,104353826
REGION,,chr10,104356891,104357054
REGION,,chr10,104359184,104359305
REGION,,chr10,104375019,104375163
REGION,,chr10,104377041,104377189
REGION,,chr10,104378817,104378832
REGION,,chr10,104386926,104387004
REGION,,chr10,104389817,104389916
REGION,,chr19,1206907,1207206
REGION,,chr19,1218410,1218503
REGION,,chr19,1219317,1219416
REGION,,chr19,1220366,1220508
REGION,,chr19,1220574,1220720
REGION,,chr19,1221206,1221343
REGION,,chr19,1221942,1222009
REGION,,chr19,1222978,1223175
REGION,,chr19,1226447,1226650
REGION,,chr22,24129351,24129453
REGION,,chr22,24133937,24134085
REGION,,chr22,24143125,24143272
REGION,,chr22,24145476,24145613
REGION,,chr22,24158951,24159127
REGION,,chr22,24167406,24167606
REGION,,chr22,24175753,24175894
REGION,,chr22,24176322,24176371
REGION,,chr18,48573411,48573669
REGION,,chr18,48575050,48575234
REGION,,chr18,48575659,48575698
REGION,,chr18,48581145,48581367
REGION,,chr18,48584489,48584618
REGION,,chr18,48584704,48584830
REGION,,chr18,48586230,48586290
REGION,,chr18,48591787,48591980
REGION,,chr18,48593383,48593561
REGION,,chr18,48603002,48603150
REGION,,chr18,48604620,48604841
REGION,,chr11,111957626,111957687
REGION,,chr11,111958575,111958701
REGION,,chr11,111959585,111959739
REGION,,chr11,111965523,111965698
REGION,,chr1,161284190,161284219
REGION,,chr1,161293398,161293464
REGION,,chr1,161298180,161298291
REGION,,chr1,161310378,161310449
REGION,,chr1,161326461,161326634
REGION,,chr1,161332113,161332227
REGION,,chr1,17345370,17345457
REGION,,chr1,17349097,17349229
REGION,,chr1,17350462,17350573
REGION,,chr1,17354238,17354364
REGION,,chr1,17355089,17355235
REGION,,chr1,17359549,17359644
REGION,,chr1,17371250,17371387
REGION,,chr1,17380437,17380518
REGION,,chr11,61197613,61197658
REGION,,chr11,61205091,61205324
REGION,,chr11,61205470,61205589
REGION,,chr11,61213407,61213547
REGION,,chr7,66453352,66453490
REGION,,chr7,66456118,66456292
REGION,,chr7,66458198,66458408
REGION,,chr7,66459193,66459332
REGION,,chr7,66460271,66460408
REGION,,chr21,36164426,36164911
REGION,,chr21,36171592,36171763
REGION,,chr21,36193959,36193997
REGION,,chr21,36206701,36206902
REGION,,chr21,36231765,36231879
REGION,,chr21,36252848,36253014
REGION,,chr21,36259134,36259397
REGION,,chr21,36265216,36265264
REGION,,chr21,36421133,36421200
REGION,,chr10,43572701,43572783
REGION,,chr10,43595901,43596174
REGION,,chr10,43597784,43598081
REGION,,chr10,43600394,43600645
REGION,,chr10,43601818,43602023
REGION,,chr10,43604473,43604682
REGION,,chr10,43606649,43606917
REGION,,chr10,43607541,43607676
REGION,,chr10,43608295,43608415
REGION,,chr10,43608998,43609127
REGION,,chr10,43609922,43610188
REGION,,chr10,43612026,43612183
REGION,,chr10,43613815,43613932
REGION,,chr10,43614973,43615197
REGION,,chr10,43615523,43615655
REGION,,chr10,43617388,43617468
REGION,,chr10,43619113,43619260
REGION,,chr10,43620325,43620434
REGION,,chr10,43622017,43622174
REGION,,chr10,43623554,43623721
REGION,,chr13,48878043,48878189
REGION,,chr13,48881410,48881546
REGION,,chr13,48916729,48916854
REGION,,chr13,48919210,48919339
REGION,,chr13,48921955,48922003
REGION,,chr13,48923086,48923163
REGION,,chr13,48934147,48934267
REGION,,chr13,48936945,48937097
REGION,,chr13,48939024,48939111
REGION,,chr13,48941624,48941743
REGION,,chr13,48942657,48942744
REGION,,chr13,48947535,48947632
REGION,,chr13,48951048,48951174
REGION,,chr13,48953724,48953790
REGION,,chr13,48954183,48954224
REGION,,chr13,48954295,48954381
REGION,,chr13,48955377,48955583
REGION,,chr13,49027123,49027251
REGION,,chr13,49030334,49030489
REGION,,chr13,49033818,49033973
REGION,,chr13,49037861,49037975
REGION,,chr13,49039128,49039251
REGION,,chr13,49039335,49039508
REGION,,chr13,49047490,49047530
REGION,,chr13,49050831,49050983
REGION,,chr13,49051485,49051544
REGION,,chr17,56769999,56770153
REGION,,chr17,56772286,56772554
REGION,,chr17,56774048,56774224
REGION,,chr17,56780551,56780694
REGION,,chr17,56787214,56787355
REGION,,chr17,56798101,56798177
REGION,,chr17,56801395,56801465
REGION,,chr17,56809839,56809909
REGION,,chr17,56811473,56811587
REGION,,chr5,131893011,131893149
REGION,,chr5,131894970,131895063
REGION,,chr5,131911463,131911624
REGION,,chr5,131915003,131915198
REGION,,chr5,131915548,131915762
REGION,,chr5,131923248,131923386
REGION,,chr5,131923610,131923785
REGION,,chr5,131924373,131924576
REGION,,chr5,131925317,131925533
REGION,,chr5,131926910,131927102
REGION,,chr5,131927563,131927730
REGION,,chr5,131930555,131930740
REGION,,chr5,131931259,131931506
REGION,,chr5,131938986,131939185
REGION,,chr5,131939606,131939742
REGION,,chr5,131940492,131940695
REGION,,chr5,131944301,131944421
REGION,,chr5,131944803,131944905
REGION,,chr5,131944969,131945092
REGION,,chr5,131951689,131951826
REGION,,chr5,131953756,131953990
REGION,,chr5,131972801,131972896
REGION,,chr5,131973767,131973919
REGION,,chr5,131976358,131976501
REGION,,chr5,131977864,131978060
REGION,,chr10,89624221,89624309
REGION,,chr10,89653776,89653870
REGION,,chr10,89685264,89685318
REGION,,chr10,89690797,89690850
REGION,,chr10,89692764,89693012
REGION,,chr10,89711869,89712020
REGION,,chr10,89717604,89717780
REGION,,chr10,89720645,89720879
REGION,,chr10,89725038,89725233
REGION,,chr9,98209188,98209737
REGION,,chr9,98211345,98211609
REGION,,chr9,98212117,98212226
REGION,,chr9,98215754,98215906
REGION,,chr9,98218552,98218699
REGION,,chr9,98220289,98220579
REGION,,chr9,98221876,98222069
REGION,,chr9,98224132,98224284
REGION,,chr9,98229392,98229711
REGION,,chr9,98231027,98231439
REGION,,chr9,98232089,98232217
REGION,,chr9,98238310,98238445
REGION,,chr9,98239035,98239143
REGION,,chr9,98239823,98239988
REGION,,chr9,98240331,98240472
REGION,,chr9,98241276,98241433
REGION,,chr9,98242245,98242376
REGION,,chr9,98242666,98242874
REGION,,chr9,98244225,98244326
REGION,,chr9,98244410,98244489
REGION,,chr9,98247961,98248160
REGION,,chr9,98268683,98268885
REGION,,chr9,98270437,98270647
REGION,,chr9,98278745,98278757
REGION,,chr9,98278899,98279106
REGION,,chr17,66511535,66511721
REGION,,chr17,66518891,66519071
REGION,,chr17,66519860,66519961
REGION,,chr17,66520151,66520222
REGION,,chr17,66521047,66521103
REGION,,chr17,66521889,66522057
REGION,,chr17,66523975,66524045
REGION,,chr17,66525005,66525136
REGION,,chr17,66526055,66526146
REGION,,chr17,66526412,66526594
REGION,,chr10,72357803,72358941
REGION,,chr10,72360114,72360662
REGION,,chr7,6013024,6013177
REGION,,chr7,6017213,6017392
REGION,,chr16,23640519,23640600
REGION,,chr16,23640955,23641794
REGION,,chr16,23646177,23647659
REGION,,chr16,23649165,23649277
REGION,,chr16,23649385,23649454
REGION,,chr16,23652425,23652482
REGION,,chr22,29999982,30000105
REGION,,chr22,30032734,30032869
REGION,,chr22,30035073,30035205
REGION,,chr22,30038185,30038278
REGION,,chr22,30050640,30050718
REGION,,chr22,30051577,30051669
REGION,,chr22,30054172,30054257
REGION,,chr22,30057188,30057332
REGION,,chr22,30060973,30061057
REGION,,chr22,30064316,30064439
REGION,,chr22,30067809,30067941
REGION,,chr22,30070819,30070934
REGION,,chr22,30074179,30074316
REGION,,chr22,30077422,30077594
REGION,,chr22,30079003,30079048
REGION,,chr22,30090735,30090795
REGION,,chr17,29422322,29422391
REGION,,chr17,29482995,29483148
REGION,,chr17,29486022,29486115
REGION,,chr17,29490198,29490398
REGION,,chr17,29496903,29497019
REGION,,chr17,29508434,29508511
REGION,,chr17,29508722,29508807
REGION,,chr17,29509520,29509687
REGION,,chr17,29527434,29527617
REGION,,chr17,29528049,29528181
REGION,,chr17,29528423,29528507
REGION,,chr17,29533252,29533393
REGION,,chr17,29541463,29541607
REGION,,chr17,29546017,29546140
REGION,,chr17,29548862,29548951
REGION,,chr17,29550456,29550589
REGION,,chr17,29552107,29552272
REGION,,chr17,29553447,29553706
REGION,,chr17,29554230,29554313
REGION,,chr17,29554535,29554628
REGION,,chr17,29556037,29556487
REGION,,chr17,29556847,29556996
REGION,,chr17,29557272,29557404
REGION,,chr17,29557854,29557947
REGION,,chr17,29559085,29559211
REGION,,chr17,29559712,29559903
REGION,,chr17,29560014,29560235
REGION,,chr17,29562623,29562794
REGION,,chr17,29562930,29563043
REGION,,chr17,29575996,29576141
REGION,,chr17,29579950,29580022
REGION,,chr17,29585356,29585524
REGION,,chr17,29586044,29586151
REGION,,chr17,29587381,29587537
REGION,,chr17,29588723,29588879
REGION,,chr17,29592241,29592361
REGION,,chr17,29652832,29653274
REGION,,chr17,29654511,29654861
REGION,,chr17,29657308,29657520
REGION,,chr17,29661850,29662053
REGION,,chr17,29663345,29663495
REGION,,chr17,29663647,29663936
REGION,,chr17,29664380,29664604
REGION,,chr17,29664831,29664902
REGION,,chr7,6018221,6018331
REGION,,chr7,6022449,6022626
REGION,,chr7,6026384,6027255
REGION,,chr7,6029425,6029590
REGION,,chr7,6031598,6031692
REGION,,chr7,6035159,6035268
REGION,,chr7,6036951,6037058
REGION,,chr7,6038733,6038910
REGION,,chr7,6042078,6042271
REGION,,chr7,6043315,6043427
REGION,,chr7,6043597,6043693
REGION,,chr7,6045517,6045666
REGION,,chr7,6048622,6048654
REGION,,chr2,190656530,190656671
REGION,,chr2,190660489,190660681
REGION,,chr2,190670372,190670484
REGION,,chr2,190682737,190682910
REGION,,chr2,190708684,190708810
REGION,,chr2,190717375,190717507
REGION,,chr2,190718659,190718812
REGION,,chr2,190718959,190719858
REGION,,chr2,190728463,190728958
REGION,,chr2,190732519,190732659
REGION,,chr2,190738216,190738386
REGION,,chr2,190741992,190742166
REGION,,chr4,41747818,41748343
REGION,,chr4,41749360,41749557
REGION,,chr4,41750381,41750631
REGION,,chr16,23614774,23614994
REGION,,chr16,23619179,23619337
REGION,,chr16,23625319,23625416
REGION,,chr16,23632677,23632803
REGION,,chr16,23634284,23634455
REGION,,chr16,23635324,23635419
REGION,,chr16,23637551,23637722
REGION,,chr17,29665037,29665161
REGION,,chr17,29665716,29665827
REGION,,chr17,29667517,29667667
REGION,,chr17,29670021,29670157
REGION,,chr17,29676132,29676273
REGION,,chr17,29677195,29677340
REGION,,chr17,29679269,29679436
REGION,,chr17,29683472,29683604
REGION,,chr17,29683972,29684112
REGION,,chr17,29684281,29684391
REGION,,chr17,29685492,29685644
REGION,,chr17,29685981,29686037
REGION,,chr17,29687499,29687725
REGION,,chr17,29701025,29701177
REGION,,chr8,90947804,90947844
REGION,,chr8,90955475,90955598
REGION,,chr8,90958362,90958527
REGION,,chr8,90960046,90960124
REGION,,chr8,90965466,90965923
REGION,,chr11,94209449,94209573
REGION,,chr11,94211895,94212046
REGION,,chr11,94212834,94212931
REGION,,chr11,94219084,94219254
REGION,,chr11,94223993,94224135
REGION,,chr11,94225942,94225971
REGION,,chr3,37035033,37035158
REGION,,chr3,37038104,37038204
REGION,,chr3,37042440,37042548
REGION,,chr3,37042522,37042543
REGION,,chr3,37045886,37045969
REGION,,chr3,37048476,37048558
REGION,,chr3,37050299,37050400
REGION,,chr3,37053305,37053357
REGION,,chr3,37053496,37053594
REGION,,chr3,37055917,37056039
REGION,,chr3,37058991,37059094
REGION,,chr3,37061795,37061958
REGION,,chr3,37067122,37067502
REGION,,chr3,37070269,37070427
REGION,,chr3,37081671,37081789
REGION,,chr3,37083753,37083826
REGION,,chr3,37089004,37089178
REGION,,chr3,37090002,37090104
REGION,,chr3,37090389,37090512
REGION,,chr3,37091971,37092148
REGION,,chr3,69788743,69788856
REGION,,chr3,69915436,69915501
REGION,,chr3,69928279,69928538
REGION,,chr8,90967505,90967787
REGION,,chr8,90970947,90971086
REGION,,chr8,90976632,90976739
REGION,,chr8,90982586,90982789
REGION,,chr8,90983395,90983522
REGION,,chr8,90990442,90990555
REGION,,chr8,90992956,90993125
REGION,,chr8,90993597,90993755
REGION,,chr8,90994944,90995087
REGION,,chr8,90996747,90996793
REGION,,chr1,45794972,45795113
REGION,,chr1,45796182,45796233
REGION,,chr1,45796848,45797010
REGION,,chr1,45797086,45797232
REGION,,chr1,45797327,45797525
REGION,,chr1,45797689,45797762
REGION,,chr1,45797832,45797986
REGION,,chr1,45798057,45798164
REGION,,chr1,45798240,45798363
REGION,,chr1,45798429,45798510
REGION,,chr1,45798584,45798635
REGION,,chr1,45798763,45798846
REGION,,chr1,45798951,45799000
REGION,,chr1,45799079,45799270
REGION,,chr1,45800057,45800187
REGION,,chr1,45805885,45805930
REGION,,chr2,48010367,48010636
REGION,,chr2,48018060,48018266
REGION,,chr2,48023027,48023206
REGION,,chr2,48025744,48028298
REGION,,chr2,48030553,48030828
REGION,,chr2,48032043,48032170
REGION,,chr2,48032751,48032850
REGION,,chr2,48033337,48033501
REGION,,chr2,48033585,48033794
REGION,,chr2,48033912,48034003
REGION,,chr2,47630325,47630545
REGION,,chr2,47635534,47635698
REGION,,chr2,47637227,47637515
REGION,,chr2,47639547,47639703
REGION,,chr2,47641402,47641561
REGION,,chr2,47643429,47643572
REGION,,chr2,47656875,47657084
REGION,,chr2,47672681,47672800
REGION,,chr2,47690164,47690297
REGION,,chr2,47693791,47693951
REGION,,chr2,47698098,47698205
REGION,,chr2,47702158,47702413
REGION,,chr2,47703500,47703714
REGION,,chr2,47705405,47705662
REGION,,chr2,47707829,47708014
REGION,,chr2,47709912,47710092
REGION,,chr11,94153285,94153351
REGION,,chr11,94163071,94163156
REGION,,chr11,94168992,94169069
REGION,,chr11,94170337,94170405
REGION,,chr11,94178970,94179063
REGION,,chr11,94180379,94180608
REGION,,chr11,94189436,94189508
REGION,,chr11,94192568,94192751
REGION,,chr11,94194096,94194206
REGION,,chr11,94197273,94197409
REGION,,chr11,94200973,94201063
REGION,,chr11,94203631,94203812
REGION,,chr11,94204734,94204929
REGION,,chr3,69985868,69985910
REGION,,chr3,69988243,69988336
REGION,,chr3,69990381,69990486
REGION,,chr3,69998196,69998323
REGION,,chr3,70000957,70001041
REGION,,chr3,70005600,70005685
REGION,,chr3,70008418,70008575
REGION,,chr3,70013992,70014403
REGION,,chr7,116339133,116340342
REGION,,chr7,116371716,116371917
REGION,,chr7,116379998,116380142
REGION,,chr7,116380900,116381083
REGION,,chr7,116395403,116395573
REGION,,chr7,116397485,116397597
REGION,,chr7,116397686,116397832
REGION,,chr7,116398507,116398678
REGION,,chr7,116399385,116399548
REGION,,chr7,116403098,116403326
REGION,,chr7,116409693,116409849
REGION,,chr7,116411546,116411712
REGION,,chr7,116411897,116412047
REGION,,chr7,116414929,116415169
REGION,,chr7,116417437,116417527
REGION,,chr7,116418824,116419015
REGION,,chr7,116422036,116422155
REGION,,chr7,116423352,116423527
REGION,,chr7,116435703,116435849
REGION,,chr7,116435935,116436182
REGION,,chr11,64571800,64572292
REGION,,chr11,64572500,64572674
REGION,,chr11,64573101,64573246
REGION,,chr11,64573698,64573844
REGION,,chr11,64574477,64574574
REGION,,chr11,64574645,64574695
REGION,,chr11,64575018,64575156
REGION,,chr11,64575357,64575575
REGION,,chr11,64577116,64577585
REGION,,chrX,132670146,132670325
REGION,,chrX,132730462,132730631
REGION,,chrX,132795752,132795882
REGION,,chrX,132826391,132826526
REGION,,chrX,132833917,132834060
REGION,,chrX,132838227,132838305
REGION,,chrX,132887503,132888207
REGION,,chrX,133087071,133087242
REGION,,chrX,133119296,133119480
REGION,,chr3,128199856,128200165
REGION,,chr3,128200656,128200791
REGION,,chr3,128202697,128202852
REGION,,chr3,128204564,128205215
REGION,,chr3,128205640,128205878
REGION,,chr17,17116963,17117174
REGION,,chr17,17118293,17118408
REGION,,chr17,17118493,17118634
REGION,,chr17,17119688,17119821
REGION,,chr17,17120377,17120500
REGION,,chr17,17122327,17122527
REGION,,chr17,17124687,17124946
REGION,,chr17,17125809,17125979
REGION,,chr17,17127230,17127461
REGION,,chr17,17129484,17129640
REGION,,chr17,17131197,17131455
REGION,,chr1,241661122,241661274
REGION,,chr1,241663731,241663894
REGION,,chr1,241665737,241665874
REGION,,chr1,241667336,241667549
REGION,,chr1,241669297,241669472
REGION,,chr1,241671897,241672089
REGION,,chr1,241675261,241675447
REGION,,chr1,241676897,241677017
REGION,,chr1,241680476,241680620
REGION,,chr1,241682885,241683026
REGION,,chr9,130577955,130578089
REGION,,chr9,130578190,130578336
REGION,,chr9,130579422,130579486
REGION,,chr9,130580393,130580660
REGION,,chr9,130580989,130581115
REGION,,chr9,130581895,130581943
REGION,,chr9,130582173,130582320
REGION,,chr9,130586577,130586729
REGION,,chr9,130587073,130587257
REGION,,chr9,130587504,130587640
REGION,,chr9,130587968,130588143
REGION,,chr9,130588783,130588955
REGION,,chr9,130591960,130592110
REGION,,chr9,130605367,130605528
REGION,,chr9,130616562,130616638
REGION,,chr14,95556829,95557004
REGION,,chr14,95557365,95557450
REGION,,chr14,95557534,95557706
REGION,,chr14,95560219,95560497
REGION,,chr14,95562156,95563054
REGION,,chr14,95566111,95566276
REGION,,chr14,95569677,95570467
REGION,,chr14,95571402,95571587
REGION,,chr14,95572009,95572124
REGION,,chr14,95572372,95572564
REGION,,chr14,95573939,95574102
REGION,,chr14,95574211,95574434
REGION,,chr14,95574655,95574844
REGION,,chr14,95578503,95578588
REGION,,chr14,95579423,95579565
REGION,,chr14,95581998,95582162
REGION,,chr14,95582784,95583036
REGION,,chr14,95583953,95584095
REGION,,chr14,95590527,95591009
REGION,,chr14,95592911,95593089
REGION,,chr14,95595803,95595973
REGION,,chr14,95596389,95596533
REGION,,chr14,95597840,95597980
REGION,,chr14,95598846,95599018
REGION,,chr14,95599646,95599799
REGION,,chr22,29083879,29083978
REGION,,chr22,29085117,29085207
REGION,,chr22,29090014,29090109
REGION,,chr22,29091109,29091234
REGION,,chr22,29091692,29091865
REGION,,chr22,29092883,29092979
REGION,,chr22,29095820,29095929
REGION,,chr22,29099487,29099558
REGION,,chr22,29105988,29106051
REGION,,chr22,29107891,29108009
REGION,,chr22,29115377,29115477
REGION,,chr22,29120959,29121116
REGION,,chr22,29121225,29121359
REGION,,chr22,29126402,29126540
REGION,,chr22,29130385,29130713
REGION,,chr19,33792238,33793324
REGION,,chr9,21968222,21968245
REGION,,chr9,21968718,21968774
REGION,,chr9,21970895,21971211
REGION,,chr9,21974671,21974830
REGION,,chr9,21994132,21994334
REGION,,chr12,58142302,58142404
REGION,,chr12,58142959,58143104
REGION,,chr12,58143231,58143291
REGION,,chr12,58144433,58144552
REGION,,chr12,58144700,58144877
REGION,,chr12,58144984,58145129
REGION,,chr12,58145277,58145504
REGION,,chr16,68771313,68771370
REGION,,chr16,68772194,68772318
REGION,,chr16,68835567,68835800
REGION,,chr16,68842321,68842474
REGION,,chr16,68842590,68842755
REGION,,chr16,68844094,68844248
REGION,,chr16,68845581,68845766
REGION,,chr16,68846032,68846170
REGION,,chr16,68847210,68847402
REGION,,chr16,68849412,68849666
REGION,,chr16,68853177,68853332
REGION,,chr16,68855898,68856132
REGION,,chr16,68857296,68857533
REGION,,chr16,68862071,68862211
REGION,,chr16,68863551,68863704
REGION,,chr16,68867187,68867406
REGION,,chr1,193091325,193091465
REGION,,chr1,193094236,193094351
REGION,,chr1,193099298,193099377
REGION,,chr1,193104515,193104587
REGION,,chr1,193104661,193104723
REGION,,chr1,193107209,193107307
REGION,,chr1,193110974,193111200
REGION,,chr1,193116991,193117099
REGION,,chr1,193119428,193119516
REGION,,chr1,193121504,193121578
REGION,,chr1,193172919,193172986
REGION,,chr1,193181189,193181234
REGION,,chr1,193181514,193181611
REGION,,chr1,193202117,193202288
REGION,,chr1,193205380,193205490
REGION,,chr1,193218854,193219005
REGION,,chr1,193219800,193219846
REGION,,chr17,59760651,59761505
REGION,,chr17,59763191,59763530
REGION,,chr17,59770785,59770877
REGION,,chr17,59793306,59793428
REGION,,chr17,59820368,59820499
REGION,,chr17,59821787,59821956
REGION,,chr17,59853756,59853927
REGION,,chr17,59857616,59857766
REGION,,chr17,59858195,59858370
REGION,,chr17,59861625,59861789
REGION,,chr17,59870952,59871094
REGION,,chr17,59876455,59876664
REGION,,chr17,59878608,59878839
REGION,,chr17,59885822,59886122
REGION,,chr17,59924456,59924585
REGION,,chr17,59926484,59926621
REGION,,chr17,59934413,59934596
REGION,,chr17,59937151,59937272
REGION,,chr17,59938802,59938904
REGION,,chr13,32890592,32890668
REGION,,chr13,32893208,32893466
REGION,,chr13,32899207,32899325
REGION,,chr13,32900232,32900291
REGION,,chr13,32900373,32900423
REGION,,chr13,32900630,32900754
REGION,,chr13,32903574,32903633
REGION,,chr13,32906403,32907528
REGION,,chr13,32910396,32915337
REGION,,chr13,32918689,32918794
REGION,,chr13,32920958,32921037
REGION,,chr13,32928992,32929429
REGION,,chr13,32930559,32930750
REGION,,chr13,32931873,32932070
REGION,,chr13,32936654,32936834
REGION,,chr13,32937310,32937674
REGION,,chr13,32944533,32944698
REGION,,chr13,32945087,32945241
REGION,,chr13,32950801,32950932
REGION,,chr13,32953448,32953656
REGION,,chr13,32953881,32954054
REGION,,chr13,32954138,32954286
REGION,,chr13,32968820,32969074
REGION,,chr13,32971029,32971185
REGION,,chr13,32972293,32972911
REGION,,chr17,41197689,41197823
REGION,,chr17,41199654,41199724
REGION,,chr17,41201132,41201215
REGION,,chr17,41203074,41203138
REGION,,chr17,41209063,41209156
REGION,,chr17,41215344,41215394
REGION,,chr17,41215885,41215972
REGION,,chr17,41219619,41219716
REGION,,chr17,41222939,41223259
REGION,,chr17,41226342,41226542
REGION,,chr17,41228499,41228635
REGION,,chr17,41231345,41231420
REGION,,chr17,41234415,41234596
REGION,,chr17,41242955,41243053
REGION,,chr17,41243446,41246881
REGION,,chr17,41247857,41247943
REGION,,chr17,41249255,41249310
REGION,,chr17,41251786,41251901
REGION,,chr17,41256133,41256282
REGION,,chr17,41256879,41256977
REGION,,chr17,41258467,41258554
REGION,,chr17,41267737,41267800
REGION,,chr17,41276028,41276117
REGION,,chr10,88635770,88635846
REGION,,chr10,88649813,88649985
REGION,,chr10,88651878,88651990
REGION,,chr10,88659545,88659651
REGION,,chr10,88659778,88659887
REGION,,chr10,88671991,88672145
REGION,,chr10,88676885,88677087
REGION,,chr10,88678923,88679230
REGION,,chr10,88681271,88681456
REGION,,chr10,88683127,88683267
REGION,,chr10,88683345,88683480
REGION,,chr2,215593394,215593736
REGION,,chr2,215595129,215595236
REGION,,chr2,215609785,215609887
REGION,,chr2,215610440,215610582
REGION,,chr2,215617165,215617283
REGION,,chr2,215632200,215632382
REGION,,chr2,215633950,215634040
REGION,,chr2,215645278,215646237
REGION,,chr2,215657015,215657173
REGION,,chr2,215661779,215661845
REGION,,chr2,215674130,215674297
REGION,,chr11,108098346,108098427
REGION,,chr11,108098497,108098619
REGION,,chr11,108099899,108100054
REGION,,chr11,108106391,108106565
REGION,,chr11,108114674,108114849
REGION,,chr11,108115509,108115757
REGION,,chr11,108117685,108117858
REGION,,chr11,108119654,108119833
REGION,,chr11,108121422,108121803
REGION,,chr11,108122558,108122762
REGION,,chr11,108123538,108123643
REGION,,chr11,108124535,108124770
REGION,,chr11,108126936,108127071
REGION,,chr11,108128202,108128337
REGION,,chr11,108129707,108129806
REGION,,chr11,108137892,108138073
REGION,,chr11,108139131,108139340
REGION,,chr11,108141785,108141877
REGION,,chr11,108141972,108142137
REGION,,chr11,108143253,108143338
REGION,,chr11,108143443,108143583
REGION,,chr11,108150212,108150339
REGION,,chr11,108151716,108151899
REGION,,chr11,108153431,108153610
REGION,,chr11,108154948,108155204
REGION,,chr11,108158321,108158446
REGION,,chr11,108159698,108159834
REGION,,chr11,108160323,108160532
REGION,,chr11,108163340,108163524
REGION,,chr11,108164034,108164208
REGION,,chr11,108165648,108165790
REGION,,chr11,108168008,108168113
REGION,,chr11,108170435,108170616
REGION,,chr11,108172369,108172520
REGION,,chr11,108173574,108173760
REGION,,chr11,108175396,108175583
REGION,,chr11,108180881,108181046
REGION,,chr11,108183132,108183229
REGION,,chr11,108186544,108186642
REGION,,chr11,108186732,108186844
REGION,,chr11,108188094,108188252
REGION,,chr11,108190675,108190789
REGION,,chr11,108192022,108192151
REGION,,chr11,108196031,108196275
REGION,,chr11,108196779,108196956
REGION,,chr11,108198366,108198489
REGION,,chr11,108199742,108199969
REGION,,chr11,108200935,108201152
REGION,,chr11,108202165,108202288
REGION,,chr11,108202600,108202768
REGION,,chr11,108203483,108203631
REGION,,chr11,108204607,108204699
REGION,,chr11,108205690,108205840
REGION,,chr11,108206566,108206692
REGION,,chr11,108213943,108214102
REGION,,chr11,108216464,108216639
REGION,,chr11,108218000,108218096
REGION,,chr11,108224487,108224611
REGION,,chr11,108225532,108225605
REGION,,chr11,108235803,108235949
REGION,,chr11,108236046,108236239
REGION,,chr5,112090582,112090726
REGION,,chr5,112102017,112102111
REGION,,chr5,112102880,112103091
REGION,,chr5,112111320,112111438
REGION,,chr5,112116481,112116604
REGION,,chr5,112128137,112128230
REGION,,chr5,112136970,112137084
REGION,,chr5,112151186,112151294
REGION,,chr5,112154657,112155045
